マンション,ed465c2d-2d16-4fde-b3c3-43385b4c1250,
アパート,e57c2548-cad1-4eb3-9900-e0eb8e899ea1,
一戸建て・その他,3c628aae-7126-4eaf-978f-92fedcc5ae92,
鉄筋系,a61b1449-5f56-4ea0-b0f7-6a4a9b5711b1,
鉄骨系,3c5218cc-5418-4d0b-8091-a2c6252527c3,
木造,66ff3204-492d-4868-9af7-6ccec4653dc9,
ブロック・その他,e9cf3e28-a01b-4a2f-bf13-4f01cda87752,
北,a11fc2e6-b736-4338-942f-257b8becb98a,
北東,b02ae883-5531-48b3-abfe-4aedbed607c0,
東,e72d3727-3aca-449b-b399-2740d60a164f,
南東,5329ca03-4cee-4194-8427-8a01ae6fb9ea,
南,f57b52ba-276c-4a70-8bd8-82b6548a481c,
南西,a9c17c21-f02a-4d50-aa31-ac65ebbd62ef,
西,cd9280c3-4baf-43cc-a98b-27a799a6c9ae,
北西,48fbdfbc-8e5f-4f6f-8bf5-0d35a68b8f2c,
1階の物件,6c7189ba-3c18-4b1f-850e-0d1c2c055550,
二階以上,62853576-9e62-4408-9457-c3cb1b2aaff8,
最上階,ec8eb3db-7627-49ad-bbed-9d594c355aee,
角部屋,82aac96b-d9a7-4f24-a796-bab2ed639017,
南向き,623fc9ae-c12b-48c6-9e05-3250f48e4243,
ガスコンロ対応,b4f72fae-938f-46f7-add4-3ae222e7f16d,
IHコンロ,142d5aeb-28aa-4cb7-8e6a-d2d9be075e31,
コンロ2口以上,dd39ab60-2926-416f-bab4-a7961e200983,
オール電化,2d5e11ee-1049-4307-beb6-948ad0325879,
システムキッチン,a476a14c-57c3-4b8f-bc63-102be1aedcc1,
カウンターキッチン,debca683-ab3a-4a43-8353-8f176ad37735,
バストイレ別,baba3bdf-2597-456b-9e66-fd07e319d200,
ウォシュレット,caac7ded-7182-4ca5-bdca-557a7172c5ae,
浴室乾燥機・浴室暖房機,fdb4eb67-9fd7-4322-a8f0-4c8834467ff5,
追い焚き風呂,2fb547f3-9bff-48e0-aa21-dae673c974b4,
室内洗濯機置場,fb9d0de9-afe7-433c-82e0-93f0317fe6b8,
洗面所独立,969d86bd-f04d-47d7-a4d1-c8504cd68723,
フローリング,32ccdb90-b862-4029-96f3-6485154c44fc,
メゾネット,34d13bbb-f6d8-43b6-94a2-f674d948474d,
ロフト付き,6f00780b-f94b-4fa4-b424-03fb677c09a9,
防音室,970ab951-4e32-4c83-ab1a-d412192d4cb3,
地下室,9e0113b8-c215-4f6e-8a85-f0b5d95e3da0,
家具/家電つき,f2363269-7adb-46d6-a050-8aca0644a3b8,
エアコン付き,5632fbf0-9e97-4681-8b69-4ccf15a4d41e,
床暖房,d5bd3e7b-6293-4383-b6e1-d7067db61043,
ウォークインクローゼット,d19dc361-0148-412e-a749-90507cfa2f6f,
シューズボックス,cc54b995-3452-4ef0-b5a5-d36694996c45,
オートロック,6b18c154-4583-4593-8160-8b833322c523,
管理人有り,2ed9b7ec-5956-441d-ad01-c5535550baa5,
TVモニタ付きインタホン,5b5af922-3cb3-4ff7-a92c-f8bb81f7e9e0,
防犯カメラ,1ccf8f9f-1e40-463c-a9ad-ac553ad04fe1,
セキュリティ会社加入済,5d09b694-1002-43f2-9b38-7b71adda1059,
駐車場・車庫・ガレージ付き,7299e4c3-ef89-4c8a-a58a-51f8c6ac3149,
駐車場2台以上,eeb90971-332d-4af2-9a52-beb5885cb17d,
敷地内駐車場,b84de75a-eadd-46fb-bf79-a53baea25141,
駐輪場あり,7aa8dc0d-f903-4833-83e3-b4e9f2c6ae85,
バイク置場あり,3e4185c6-4151-444c-b39d-8c79f9c13d09,
エレベーター,5c85fd0a-572e-4213-ac1b-3a193a9a8dc1,
宅配ボックス,c5c052d1-0252-4e7a-b314-88a4cfb1da95,
敷地内ゴミ置き場,9a67dd5a-f480-42f4-88d1-14e405deb60e,
バルコニー付,94154569-9c61-423d-9aee-bc59c63462f6,
ルーフバルコニー付,02eb8388-1639-4e38-9107-2fe2300e0134,
都市ガス,c573b734-60ff-4221-85e7-e1a7b3ca336f,
プロパンガス,06b4a351-1eb7-4490-8c0c-cbe67b888c39,
敷金なし,9d2bb771-1b69-4826-aa14-86dd403abb68,
礼金なし,82a71943-e72f-4f75-a6d1-36f22e365fc7,
デザイナーズ物件,340bc865-6792-47ab-84f7-50e4f5ef315b,
分譲賃貸,d7f9fcf7-5150-4abf-9df7-d32d0baedcb6,
連帯保証人不要,c4c11389-cf65-4f37-b4f7-2667c163860d,
インターネット無料,33569826-8021-4ab8-b031-9e36646a6d55,
高層マンション,5dee0282-4d92-4857-a511-cea737b78e34,
リフォーム済み,1dd54e0a-e890-4332-89f1-b436b6d2df37,
リノベーション物件,c16dce93-90ca-437f-80c8-6123ed685a2a,
即入居可,b7f70890-a5a1-47c4-8314-2595a4dc3720,
ペット相談可,b419c7ca-8a2d-4dbb-9e26-f94677b0ec3f,
楽器相談可,12eafeee-451c-44a3-97fa-11fd46c0edbd,
店舗・事務所・倉庫・オフィス,c8ca0030-b60b-4bad-8e29-987b66e67a4d,
ルームシェア可,23a3eaf7-565d-4c50-a2f7-ec12533d4797,
二人入居可,dc3be2b7-8581-4eb9-b697-88503cd28a5f,
女性限定,244a3089-655b-4027-97a1-4cd97ca27909,
フリーレント,169a293f-6d40-475d-9842-52a9f4bd2b79,
LINE対応可,83ddafb5-88bf-4e92-949b-c043752c75a0,
オンラインで相談可,049b6f4a-d9cf-4ca0-b0e3-2af5f22028a9,
IT重説対応,1ca7710d-629e-4f5b-a9cd-ca5e4db690ce,
ヘヤワリ取扱会社,62b41df8-8123-48bb-82a3-36ba9481aa96,
定期借家を含まない,a7ca93a2-7fa0-4c20-a7c7-5fc6538626cc,
女性限定を含まない,b795d320-614a-42e6-9aad-d84af228a509,
高級賃貸（ハイグレード）,a2a55bf2-0ef4-447d-b72d-c79907aa6b41
